<?xml version="1.0"?>
<!--
Copyright 2006 The Apache Software Foundation.
 
Licensed under the Apache License, Version 2.0 (the "License");
you may not use this file except in compliance with the License.
You may obtain a copy of the License at

     http://www.apache.org/licenses/LICENSE-2.0

Unless required by applicable law or agreed to in writing, software
distributed under the License is distributed on an "AS IS" BASIS,
WITHOUT WARRANTIES OR CONDITIONS OF ANY KIND, either express or implied.
See the License for the specific language governing permissions and
limitations under the License.
-->
<document>

  <properties>
    <title>JUnit Test Results</title>
    <author email="commons-dev@jakarta.apache.org">Commons Documentation Team</author>
  </properties>
  
  <body>
    <!-- ================================================== -->
    <section name="Summary">
      <p>
        The Jakarta Commons Logging test cases make extensive use of
        sophisticated classloader configurations in order to simulate the
        behaviour of various containers. It is difficult to run these tests
        under Maven (which is used to generate the website). Once JCL is
        upgraded to Maven 2 it is hoped that we will be able to display a report
        on the unit tests.
      </p>
    </section>
    <!-- ================================================== -->
  </body>
</document>
