<refentry xmlns:src="http://nwalsh.com/xmlns/litprog/fragment"
          xmlns:xsl="http://www.w3.org/1999/XSL/Transform"
          id="qanda.title.level5.properties">
<refmeta>
<refentrytitle>qanda.title.level5.properties</refentrytitle>
<refmiscinfo role="type">attribute set</refmiscinfo>
</refmeta>
<refnamediv>
<refname>qanda.title.level5.properties</refname>
<refpurpose>Properties for level-5 qanda set titles</refpurpose>
</refnamediv>

<refsynopsisdiv>
<src:fragment id='qanda.title.level5.properties.frag'>
<xsl:attribute-set name="qanda.title.level5.properties">
  <xsl:attribute name="font-size">
    <xsl:value-of select="$body.font.master"/>
    <xsl:text>pt</xsl:text>
  </xsl:attribute>
</xsl:attribute-set>
</src:fragment>
</refsynopsisdiv>

<refsect1><title>Description</title>

<para>The properties of level-5 qanda set titles.</para>

</refsect1>
</refentry>
