<refentry xmlns:src="http://nwalsh.com/xmlns/litprog/fragment"
          xmlns:xsl="http://www.w3.org/1999/XSL/Transform"
          id="qanda.inherit.numeration">
<refmeta>
<refentrytitle>qanda.inherit.numeration</refentrytitle>
<refmiscinfo role="type">boolean</refmiscinfo>
</refmeta>
<refnamediv>
<refname>qanda.inherit.numeration</refname>
<refpurpose>Does enumeration of QandASet components inherit the numeration of parent elements?</refpurpose>
</refnamediv>

<refsynopsisdiv>
<src:fragment id='qanda.inherit.numeration.frag'><xsl:param name="qanda.inherit.numeration" select="1"/></src:fragment>
</refsynopsisdiv>

<refsect1><title>Description</title>

<para>If true (non-zero), numbered QandADiv elements and Questions and Answers inherit
the numeration of the ancestors of the QandASet.
</para>

</refsect1>
</refentry>
