<refentry xmlns:src="http://nwalsh.com/xmlns/litprog/fragment"
          xmlns:xsl="http://www.w3.org/1999/XSL/Transform"
          id="refentry.manual.profile.enabled">
<refmeta>
<refentrytitle>refentry.manual.profile.enabled</refentrytitle>
<refmiscinfo role="type">boolean</refmiscinfo>
</refmeta>
<refnamediv>
<refname>refentry.manual.profile.enabled</refname>
<refpurpose>Enable refentry "manual" profiling?</refpurpose>
</refnamediv>

<refsynopsisdiv>
<src:fragment id='refentry.manual.profile.enabled.frag'>
<xsl:param name="refentry.manual.profile.enabled">0</xsl:param></src:fragment>
</refsynopsisdiv>

<refsect1><title>Description</title>

<para>If the value of
<parameter>refentry.manual.profile.enabled</parameter> is
non-zero, then during <tag>refentry</tag> metadata gathering, the info
profile specified by the customizable
<parameter>refentry.manual.profile</parameter> parameter is
used.</para>

<para>If instead the value of
<parameter>refentry.manual.profile.enabled</parameter> is zero (the
default), then "hard coded" logic within the DocBook XSL stylesheets
is used for gathering <tag>refentry</tag> "manual" data.</para>

<para>If you find that the default <tag>refentry</tag>
metadata-gathering behavior is causing incorrect "manual" data to show
up in your output, then consider setting a non-zero value for
<parameter>refentry.manual.profile.enabled</parameter> and adjusting
the value of <parameter>refentry.manual.profile</parameter> to cause
correct data to be gathered. </para>

<para>Note that the term "manual" has a special meanings in this
context. For details, see the documentation for the
<parameter>refentry.manual.profile</parameter> parameter.</para>

</refsect1>
</refentry>
