<refentry xmlns:src="http://nwalsh.com/xmlns/litprog/fragment"
          xmlns:xsl="http://www.w3.org/1999/XSL/Transform"
          id="side.float.properties">
<refmeta>
<refentrytitle>side.float.properties</refentrytitle>
<refmiscinfo role="type">attribute set</refmiscinfo>
</refmeta>
<refnamediv>
<refname>side.float.properties</refname>
<refpurpose>Attribute set for side float container properties</refpurpose>
</refnamediv>

<refsynopsisdiv>
<src:fragment id='side.float.properties.frag'>
<xsl:attribute-set name="side.float.properties">
  <xsl:attribute name="width">2in</xsl:attribute>
  <xsl:attribute name="padding-left">4pt</xsl:attribute>
  <xsl:attribute name="padding-right">4pt</xsl:attribute>
  <xsl:attribute name="padding-top">2pt</xsl:attribute>
  <xsl:attribute name="padding-bottom">2pt</xsl:attribute>
  <xsl:attribute name="margin-left">0pt</xsl:attribute>
  <xsl:attribute name="margin-right">0pt</xsl:attribute>
  <xsl:attribute name="text-align">left</xsl:attribute>
</xsl:attribute-set>
</src:fragment>
</refsynopsisdiv>

<refsect1><title>Description</title>

<para>Properties that are applied to the
<sgmltag class="element">fo:block-container</sgmltag> inside of
a side float that is generated by the template named
<literal>floater</literal>.
That template generates a side float
when the <parameter>side.float.type</parameter> is set to one
of the values for a side float.</para>

<para>If you do only <literal>left</literal> or 
<literal>start</literal> side floats, you may want to set the
<literal>padding-left</literal> attribute to zero.
If you do only <literal>right</literal> or 
<literal>end</literal> side floats, you may want to set the
<literal>padding-right</literal> attribute to zero.
</para>

</refsect1>
</refentry>
