<refentry xmlns:src="http://nwalsh.com/xmlns/litprog/fragment"
          xmlns:xsl="http://www.w3.org/1999/XSL/Transform"
          id="table.footnote.properties">
<refnamediv>
<refname>table.footnote.properties</refname>
<refpurpose>Properties applied to each table footnote body
</refpurpose>
</refnamediv>

<refsynopsisdiv>
<src:fragment id='table.footnote.properties.frag'>
<xsl:attribute-set name="table.footnote.properties">
  <xsl:attribute name="font-family"><xsl:value-of 
                             select="$body.fontset"/></xsl:attribute>
  <xsl:attribute name="font-size"><xsl:value-of 
                             select="$footnote.font.size"/></xsl:attribute>
  <xsl:attribute name="font-weight">normal</xsl:attribute>
  <xsl:attribute name="font-style">normal</xsl:attribute>
  <xsl:attribute name="space-before">2pt</xsl:attribute>
  <xsl:attribute name="text-align"><xsl:value-of
                             select="$alignment"/></xsl:attribute>
</xsl:attribute-set>
</src:fragment>
</refsynopsisdiv>

<refsect1><title>Description</title>

<para>This attribute set is applied to the footnote-block 
for each table footnote.
It can be used to set the
font-size, font-family, and other inheritable properties that will be
applied to all table footnotes.</para>

</refsect1>
</refentry>
