<refentry xmlns:src="http://nwalsh.com/xmlns/litprog/fragment"
          xmlns:xsl="http://www.w3.org/1999/XSL/Transform"
          id="targets.filename"> 
<refmeta> 
<refentrytitle>targets.filename</refentrytitle> 
<refmiscinfo role="type">string</refmiscinfo> 
</refmeta> 
<refnamediv> 
<refname>targets.filename</refname> 
<refpurpose>Name of cross reference targets data file</refpurpose> 
</refnamediv> 
<refsynopsisdiv> <src:fragment id="targets.filename.frag">
<xsl:param name="targets.filename" select="'target.db'"/>
</src:fragment> 
</refsynopsisdiv> 
<refsect1>
<title>Description</title> 
<para>
In order to resolve olinks efficiently, the stylesheets can
generate an external data file containing information about
all potential cross reference endpoints in a document.
This parameter lets you change the name of the generated
file from the default name <filename>target.db</filename>.
The name must agree with that used in the target database
used to resolve olinks during processing.
See also <parameter>target.database.document</parameter>.
</para> 
</refsect1> 
</refentry> 
