<refentry xmlns:src="http://nwalsh.com/xmlns/litprog/fragment"
          xmlns:xsl="http://www.w3.org/1999/XSL/Transform"
          id="variablelist.term.break.after">
<refmeta>
<refentrytitle>variablelist.term.break.after</refentrytitle>
<refmiscinfo role="type">boolean</refmiscinfo>
</refmeta>
<refnamediv>
<refname>variablelist.term.break.after</refname>
<refpurpose>Generate line break after each <tag>term</tag> within a
multi-term <tag>varlistentry</tag>?</refpurpose>
</refnamediv>

<refsynopsisdiv>
<src:fragment id='variablelist.term.break.after.frag'>
<xsl:param name="variablelist.term.break.after">0</xsl:param></src:fragment>
</refsynopsisdiv>

<refsect1><title>Description</title>

<para>Set a non-zero value for the
<parameter>variablelist.term.break.after</parameter> parameter to
generate a line break between <tag>term</tag>s in a
multi-term <tag>varlistentry</tag>.</para>

<note>
<para>If you set a non-zero value for
<parameter>variablelist.term.break.after</parameter>, you may also
want to set the value of the
<parameter>variablelist.term.separator</parameter> parameter to an
empty string (to suppress rendering of the default comma and space
after each <tag>term</tag>).</para>
</note>

</refsect1>
</refentry>
