<refentry xmlns:src="http://nwalsh.com/xmlns/litprog/fragment"
          xmlns:xsl="http://www.w3.org/1999/XSL/Transform"
          id="xref.properties">
<refnamediv>
<refname>xref.properties</refname>
<refpurpose>Properties associated with cross-reference text</refpurpose>
</refnamediv>

<refsynopsisdiv>
<src:fragment id='xref.properties.frag'>
<xsl:attribute-set name="xref.properties">
</xsl:attribute-set>
</src:fragment>
</refsynopsisdiv>

<refsect1><title>Description</title>

<para>This attribute set is used to set properties
on cross reference text.</para>

</refsect1>
</refentry>
