<?xml version="1.0" encoding="UTF-8" ?>
<feature
	id="org.eclipse.babel.nls_eclipse_fr"
	label="Babel Language Pack for eclipse in French (94.26%)"
	image="eclipse_update_120.jpg"
	provider-name="%providerName"
	version="3.5.0.v20090620043401">
	<copyright>
		%copyright
	</copyright>
	<license url="%licenseURL">
		%license
	</license>
	<description>Babel Language Pack for eclipse in French</description>
	<plugin fragment="true" id="org.eclipse.ant.core.nl_fr" unpack="false" version="3.5.0.v20090620043401" download-size="4739" install-size="4739" />
	<plugin fragment="true" id="org.eclipse.ant.tests.core.nl_fr" unpack="false" version="3.5.0.v20090620043401" download-size="1846" install-size="1846" />
	<plugin fragment="true" id="org.eclipse.ant.tests.ui.nl_fr" unpack="false" version="3.5.0.v20090620043401" download-size="1610" install-size="1610" />
	<plugin fragment="true" id="org.eclipse.ant.ui.nl_fr" unpack="false" version="3.5.0.v20090620043401" download-size="25721" install-size="25721" />
	<plugin fragment="true" id="org.eclipse.compare.core.nl_fr" unpack="false" version="3.5.0.v20090620043401" download-size="2400" install-size="2400" />
	<plugin fragment="true" id="org.eclipse.compare.examples.nl_fr" unpack="false" version="3.5.0.v20090620043401" download-size="2370" install-size="2370" />
	<plugin fragment="true" id="org.eclipse.compare.examples.xml.nl_fr" unpack="false" version="3.5.0.v20090620043401" download-size="3485" install-size="3485" />
	<plugin fragment="true" id="org.eclipse.compare.nl_fr" unpack="false" version="3.5.0.v20090620043401" download-size="14271" install-size="14271" />
	<plugin fragment="true" id="org.eclipse.compare.tests.nl_fr" unpack="false" version="3.5.0.v20090620043401" download-size="1622" install-size="1622" />
	<plugin fragment="true" id="org.eclipse.compare.win32.nl_fr" unpack="false" version="3.5.0.v20090620043401" download-size="2550" install-size="2550" />
	<plugin fragment="true" id="org.eclipse.core.boot.nl_fr" unpack="false" version="3.5.0.v20090620043401" download-size="1395" install-size="1395" />
	<plugin fragment="true" id="org.eclipse.core.commands.nl_fr" unpack="false" version="3.5.0.v20090620043401" download-size="1380" install-size="1380" />
	<plugin fragment="true" id="org.eclipse.core.contenttype.nl_fr" unpack="false" version="3.5.0.v20090620043401" download-size="2649" install-size="2649" />
	<plugin fragment="true" id="org.eclipse.core.databinding.beans.nl_fr" unpack="false" version="3.5.0.v20090620043401" download-size="1416" install-size="1416" />
	<plugin fragment="true" id="org.eclipse.core.databinding.nl_fr" unpack="false" version="3.5.0.v20090620043401" download-size="2740" install-size="2740" />
	<plugin fragment="true" id="org.eclipse.core.databinding.observable.nl_fr" unpack="false" version="3.5.0.v20090620043401" download-size="1377" install-size="1377" />
	<plugin fragment="true" id="org.eclipse.core.databinding.property.nl_fr" unpack="false" version="3.5.0.v20090620043401" download-size="1408" install-size="1408" />
	<plugin fragment="true" id="org.eclipse.core.expressions.nl_fr" unpack="false" version="3.5.0.v20090620043401" download-size="2990" install-size="2990" />
	<plugin fragment="true" id="org.eclipse.core.expressions.tests.nl_fr" unpack="false" version="3.5.0.v20090620043401" download-size="1422" install-size="1422" />
	<plugin fragment="true" id="org.eclipse.core.filebuffers.nl_fr" unpack="false" version="3.5.0.v20090620043401" download-size="4126" install-size="4126" />
	<plugin fragment="true" id="org.eclipse.core.filebuffers.tests.nl_fr" unpack="false" version="3.5.0.v20090620043401" download-size="1411" install-size="1411" />
	<plugin fragment="true" id="org.eclipse.core.filesystem.nl_fr" unpack="false" version="3.5.0.v20090620043401" download-size="2979" install-size="2979" />
	<plugin fragment="true" id="org.eclipse.core.jobs.nl_fr" unpack="false" version="3.5.0.v20090620043401" download-size="2437" install-size="2437" />
	<plugin fragment="true" id="org.eclipse.core.net.linux.x86.nl_fr" unpack="false" version="3.5.0.v20090620043401" download-size="1397" install-size="1397" />
	<plugin fragment="true" id="org.eclipse.core.net.nl_fr" unpack="false" version="3.5.0.v20090620043401" download-size="2241" install-size="2241" />
	<plugin fragment="true" id="org.eclipse.core.net.win32.x86.nl_fr" unpack="false" version="3.5.0.v20090620043401" download-size="1400" install-size="1400" />
	<plugin fragment="true" id="org.eclipse.core.resources.nl_fr" unpack="false" version="3.5.0.v20090620043401" download-size="9274" install-size="9274" />
	<plugin fragment="true" id="org.eclipse.core.runtime.compatibility.auth.nl_fr" unpack="false" version="3.5.0.v20090620043401" download-size="2734" install-size="2734" />
	<plugin fragment="true" id="org.eclipse.core.runtime.compatibility.nl_fr" unpack="false" version="3.5.0.v20090620043401" download-size="2471" install-size="2471" />
	<plugin fragment="true" id="org.eclipse.core.runtime.nl_fr" unpack="false" version="3.5.0.v20090620043401" download-size="3850" install-size="3850" />
	<plugin fragment="true" id="org.eclipse.core.variables.nl_fr" unpack="false" version="3.5.0.v20090620043401" download-size="2552" install-size="2552" />
	<plugin fragment="true" id="org.eclipse.cvs.nl_fr" unpack="false" version="3.5.0.v20090620043401" download-size="1384" install-size="1384" />
	<plugin fragment="true" id="org.eclipse.debug.core.nl_fr" unpack="false" version="3.5.0.v20090620043401" download-size="7068" install-size="7068" />
	<plugin fragment="true" id="org.eclipse.debug.examples.ui.nl_fr" unpack="false" version="3.5.0.v20090620043401" download-size="2386" install-size="2386" />
	<plugin fragment="true" id="org.eclipse.debug.ui.nl_fr" unpack="false" version="3.5.0.v20090620043401" download-size="34936" install-size="34936" />
	<plugin fragment="true" id="org.eclipse.equinox.app.nl_fr" unpack="false" version="3.5.0.v20090620043401" download-size="2849" install-size="2849" />
	<plugin fragment="true" id="org.eclipse.equinox.cm.nl_fr" unpack="false" version="3.5.0.v20090620043401" download-size="1397" install-size="1397" />
	<plugin fragment="true" id="org.eclipse.equinox.common.nl_fr" unpack="false" version="3.5.0.v20090620043401" download-size="3205" install-size="3205" />
	<plugin fragment="true" id="org.eclipse.equinox.concurrent.nl_fr" unpack="false" version="3.5.0.v20090620043401" download-size="1372" install-size="1372" />
	<plugin fragment="true" id="org.eclipse.equinox.device.nl_fr" unpack="false" version="3.5.0.v20090620043401" download-size="3114" install-size="3114" />
	<plugin fragment="true" id="org.eclipse.equinox.ds.nl_fr" unpack="false" version="3.5.0.v20090620043401" download-size="1366" install-size="1366" />
	<plugin fragment="true" id="org.eclipse.equinox.event.nl_fr" unpack="false" version="3.5.0.v20090620043401" download-size="2941" install-size="2941" />
	<plugin fragment="true" id="org.eclipse.equinox.http.jetty5.nl_fr" unpack="false" version="3.5.0.v20090620043401" download-size="1453" install-size="1453" />
	<plugin fragment="true" id="org.eclipse.equinox.http.jetty6.nl_fr" unpack="false" version="3.5.0.v20090620043401" download-size="1453" install-size="1453" />
	<plugin fragment="true" id="org.eclipse.equinox.http.nl_fr" unpack="false" version="3.5.0.v20090620043401" download-size="4190" install-size="4190" />
	<plugin fragment="true" id="org.eclipse.equinox.http.registry.nl_fr" unpack="false" version="3.5.0.v20090620043401" download-size="1450" install-size="1450" />
	<plugin fragment="true" id="org.eclipse.equinox.http.servlet.nl_fr" unpack="false" version="3.5.0.v20090620043401" download-size="1403" install-size="1403" />
	<plugin fragment="true" id="org.eclipse.equinox.http.servletbridge.nl_fr" unpack="false" version="3.5.0.v20090620043401" download-size="1409" install-size="1409" />
	<plugin fragment="true" id="org.eclipse.equinox.io.nl_fr" unpack="false" version="3.5.0.v20090620043401" download-size="1366" install-size="1366" />
	<plugin fragment="true" id="org.eclipse.equinox.ip.nl_fr" unpack="false" version="3.5.0.v20090620043401" download-size="1366" install-size="1366" />
	<plugin fragment="true" id="org.eclipse.equinox.jsp.jasper.nl_fr" unpack="false" version="3.5.0.v20090620043401" download-size="1372" install-size="1372" />
	<plugin fragment="true" id="org.eclipse.equinox.jsp.jasper.registry.nl_fr" unpack="false" version="3.5.0.v20090620043401" download-size="1377" install-size="1377" />
	<plugin fragment="true" id="org.eclipse.equinox.launcher.carbon.macosx.nl_fr" unpack="false" version="3.5.0.v20090620043401" download-size="1445" install-size="1445" />
	<plugin fragment="true" id="org.eclipse.equinox.launcher.cocoa.macosx.nl_fr" unpack="false" version="3.5.0.v20090620043401" download-size="1446" install-size="1446" />
	<plugin fragment="true" id="org.eclipse.equinox.launcher.gtk.linux.ppc.nl_fr" unpack="false" version="3.5.0.v20090620043401" download-size="1446" install-size="1446" />
	<plugin fragment="true" id="org.eclipse.equinox.launcher.gtk.linux.s390.nl_fr" unpack="false" version="3.5.0.v20090620043401" download-size="1451" install-size="1451" />
	<plugin fragment="true" id="org.eclipse.equinox.launcher.gtk.linux.s390x.nl_fr" unpack="false" version="3.5.0.v20090620043401" download-size="1454" install-size="1454" />
	<plugin fragment="true" id="org.eclipse.equinox.launcher.gtk.linux.x86.nl_fr" unpack="false" version="3.5.0.v20090620043401" download-size="1448" install-size="1448" />
	<plugin fragment="true" id="org.eclipse.equinox.launcher.gtk.solaris.sparc.nl_fr" unpack="false" version="3.5.0.v20090620043401" download-size="1422" install-size="1422" />
	<plugin fragment="true" id="org.eclipse.equinox.launcher.gtk.solaris.x86.nl_fr" unpack="false" version="3.5.0.v20090620043401" download-size="1455" install-size="1455" />
	<plugin fragment="true" id="org.eclipse.equinox.launcher.motif.aix.ppc.nl_fr" unpack="false" version="3.5.0.v20090620043401" download-size="1412" install-size="1412" />
	<plugin fragment="true" id="org.eclipse.equinox.launcher.motif.linux.x86.nl_fr" unpack="false" version="3.5.0.v20090620043401" download-size="1417" install-size="1417" />
	<plugin fragment="true" id="org.eclipse.equinox.launcher.motif.solaris.sparc.nl_fr" unpack="false" version="3.5.0.v20090620043401" download-size="1468" install-size="1468" />
	<plugin fragment="true" id="org.eclipse.equinox.launcher.nl_fr" unpack="false" version="3.5.0.v20090620043401" download-size="1394" install-size="1394" />
	<plugin fragment="true" id="org.eclipse.equinox.launcher.win32.win32.ia64.nl_fr" unpack="false" version="3.5.0.v20090620043401" download-size="1456" install-size="1456" />
	<plugin fragment="true" id="org.eclipse.equinox.launcher.win32.win32.x86.nl_fr" unpack="false" version="3.5.0.v20090620043401" download-size="1453" install-size="1453" />
	<plugin fragment="true" id="org.eclipse.equinox.launcher.wpf.win32.x86.nl_fr" unpack="false" version="3.5.0.v20090620043401" download-size="1454" install-size="1454" />
	<plugin fragment="true" id="org.eclipse.equinox.log.nl_fr" unpack="false" version="3.5.0.v20090620043401" download-size="1367" install-size="1367" />
	<plugin fragment="true" id="org.eclipse.equinox.metatype.nl_fr" unpack="false" version="3.5.0.v20090620043401" download-size="2827" install-size="2827" />
	<plugin fragment="true" id="org.eclipse.equinox.preferences.nl_fr" unpack="false" version="3.5.0.v20090620043401" download-size="3055" install-size="3055" />
	<plugin fragment="true" id="org.eclipse.equinox.registry.nl_fr" unpack="false" version="3.5.0.v20090620043401" download-size="3616" install-size="3616" />
	<plugin fragment="true" id="org.eclipse.equinox.security.nl_fr" unpack="false" version="3.5.0.v20090620043401" download-size="4794" install-size="4794" />
	<plugin fragment="true" id="org.eclipse.equinox.security.ui.nl_fr" unpack="false" version="3.5.0.v20090620043401" download-size="7855" install-size="7855" />
	<plugin fragment="true" id="org.eclipse.equinox.servletbridge.nl_fr" unpack="false" version="3.5.0.v20090620043401" download-size="1392" install-size="1392" />
	<plugin fragment="true" id="org.eclipse.equinox.transforms.xslt.nl_fr" unpack="false" version="3.5.0.v20090620043401" download-size="1407" install-size="1407" />
	<plugin fragment="true" id="org.eclipse.equinox.useradmin.nl_fr" unpack="false" version="3.5.0.v20090620043401" download-size="3223" install-size="3223" />
	<plugin fragment="true" id="org.eclipse.equinox.util.nl_fr" unpack="false" version="3.5.0.v20090620043401" download-size="1367" install-size="1367" />
	<plugin fragment="true" id="org.eclipse.equinox.wireadmin.nl_fr" unpack="false" version="3.5.0.v20090620043401" download-size="1372" install-size="1372" />
	<plugin fragment="true" id="org.eclipse.help.appserver.nl_fr" unpack="false" version="3.5.0.v20090620043401" download-size="2589" install-size="2589" />
	<plugin fragment="true" id="org.eclipse.help.base.nl_fr" unpack="false" version="3.5.0.v20090620043401" download-size="4135" install-size="4135" />
	<plugin fragment="true" id="org.eclipse.help.nl_fr" unpack="false" version="3.5.0.v20090620043401" download-size="1497" install-size="1497" />
	<plugin fragment="true" id="org.eclipse.help.ui.nl_fr" unpack="false" version="3.5.0.v20090620043401" download-size="5673" install-size="5673" />
	<plugin fragment="true" id="org.eclipse.help.webapp.nl_fr" unpack="false" version="3.5.0.v20090620043401" download-size="4845" install-size="4845" />
	<plugin fragment="true" id="org.eclipse.jdt.apt.core.nl_fr" unpack="false" version="3.5.0.v20090620043401" download-size="3909" install-size="3909" />
	<plugin fragment="true" id="org.eclipse.jdt.apt.pluggable.core.nl_fr" unpack="false" version="3.5.0.v20090620043401" download-size="1448" install-size="1448" />
	<plugin fragment="true" id="org.eclipse.jdt.apt.pluggable.tests.nl_fr" unpack="false" version="3.5.0.v20090620043401" download-size="1409" install-size="1409" />
	<plugin fragment="true" id="org.eclipse.jdt.apt.tests.nl_fr" unpack="false" version="3.5.0.v20090620043401" download-size="1402" install-size="1402" />
	<plugin fragment="true" id="org.eclipse.jdt.apt.ui.nl_fr" unpack="false" version="3.5.0.v20090620043401" download-size="4696" install-size="4696" />
	<plugin fragment="true" id="org.eclipse.jdt.compiler.apt.tests.nl_fr" unpack="false" version="3.5.0.v20090620043401" download-size="1408" install-size="1408" />
	<plugin fragment="true" id="org.eclipse.jdt.compiler.tool.tests.nl_fr" unpack="false" version="3.5.0.v20090620043401" download-size="1408" install-size="1408" />
	<plugin fragment="true" id="org.eclipse.jdt.core.manipulation.nl_fr" unpack="false" version="3.5.0.v20090620043401" download-size="4217" install-size="4217" />
	<plugin fragment="true" id="org.eclipse.jdt.core.nl_fr" unpack="false" version="3.5.0.v20090620043401" download-size="30844" install-size="30844" />
	<plugin fragment="true" id="org.eclipse.jdt.core.tests.builder.nl_fr" unpack="false" version="3.5.0.v20090620043401" download-size="1408" install-size="1408" />
	<plugin fragment="true" id="org.eclipse.jdt.core.tests.compiler.nl_fr" unpack="false" version="3.5.0.v20090620043401" download-size="1404" install-size="1404" />
	<plugin fragment="true" id="org.eclipse.jdt.core.tests.model.nl_fr" unpack="false" version="3.5.0.v20090620043401" download-size="13952" install-size="13952" />
	<plugin fragment="true" id="org.eclipse.jdt.core.tests.performance.nl_fr" unpack="false" version="3.5.0.v20090620043401" download-size="1409" install-size="1409" />
	<plugin fragment="true" id="org.eclipse.jdt.debug.nl_fr" unpack="false" version="3.5.0.v20090620043401" download-size="22183" install-size="22183" />
	<plugin fragment="true" id="org.eclipse.jdt.debug.tests.nl_fr" unpack="false" version="3.5.0.v20090620043401" download-size="1412" install-size="1412" />
	<plugin fragment="true" id="org.eclipse.jdt.debug.ui.nl_fr" unpack="false" version="3.5.0.v20090620043401" download-size="31692" install-size="31692" />
	<plugin fragment="true" id="org.eclipse.jdt.doc.isv.nl_fr" unpack="false" version="3.5.0.v20090620043401" download-size="1780" install-size="1780" />
	<plugin fragment="true" id="org.eclipse.jdt.doc.user.nl_fr" unpack="false" version="3.5.0.v20090620043401" download-size="1786" install-size="1786" />
	<plugin fragment="true" id="org.eclipse.jdt.junit.nl_fr" unpack="false" version="3.5.0.v20090620043401" download-size="10935" install-size="10935" />
	<plugin fragment="true" id="org.eclipse.jdt.junit.runtime.nl_fr" unpack="false" version="3.5.0.v20090620043401" download-size="2950" install-size="2950" />
	<plugin fragment="true" id="org.eclipse.jdt.junit4.runtime.nl_fr" unpack="false" version="3.5.0.v20090620043401" download-size="1434" install-size="1434" />
	<plugin fragment="true" id="org.eclipse.jdt.launching.macosx.nl_fr" unpack="false" version="3.5.0.v20090620043401" download-size="2569" install-size="2569" />
	<plugin fragment="true" id="org.eclipse.jdt.launching.nl_fr" unpack="false" version="3.5.0.v20090620043401" download-size="7562" install-size="7562" />
	<plugin fragment="true" id="org.eclipse.jdt.launching.ui.macosx.nl_fr" unpack="false" version="3.5.0.v20090620043401" download-size="3228" install-size="3228" />
	<plugin fragment="true" id="org.eclipse.jdt.nl_fr" unpack="false" version="3.5.0.v20090620043401" download-size="2954" install-size="2954" />
	<plugin fragment="true" id="org.eclipse.jdt.text.tests.nl_fr" unpack="false" version="3.5.0.v20090620043401" download-size="1405" install-size="1405" />
	<plugin fragment="true" id="org.eclipse.jdt.ui.examples.projects.nl_fr" unpack="false" version="3.5.0.v20090620043401" download-size="2787" install-size="2787" />
	<plugin fragment="true" id="org.eclipse.jdt.ui.nl_fr" unpack="false" version="3.5.0.v20090620043401" download-size="180226" install-size="180226" />
	<plugin fragment="true" id="org.eclipse.jdt.ui.tests.nl_fr" unpack="false" version="3.5.0.v20090620043401" download-size="1564" install-size="1564" />
	<plugin fragment="true" id="org.eclipse.jdt.ui.tests.refactoring.nl_fr" unpack="false" version="3.5.0.v20090620043401" download-size="1617" install-size="1617" />
	<plugin fragment="true" id="org.eclipse.jface.databinding.nl_fr" unpack="false" version="3.5.0.v20090620043401" download-size="1416" install-size="1416" />
	<plugin fragment="true" id="org.eclipse.jface.examples.databinding.nl_fr" unpack="false" version="3.5.0.v20090620043401" download-size="1418" install-size="1418" />
	<plugin fragment="true" id="org.eclipse.jface.nl_fr" unpack="false" version="3.5.0.v20090620043401" download-size="10576" install-size="10576" />
	<plugin fragment="true" id="org.eclipse.jface.tests.databinding.conformance.nl_fr" unpack="false" version="3.5.0.v20090620043401" download-size="1434" install-size="1434" />
	<plugin fragment="true" id="org.eclipse.jface.tests.databinding.nl_fr" unpack="false" version="3.5.0.v20090620043401" download-size="1415" install-size="1415" />
	<plugin fragment="true" id="org.eclipse.jface.text.nl_fr" unpack="false" version="3.5.0.v20090620043401" download-size="12161" install-size="12161" />
	<plugin fragment="true" id="org.eclipse.jface.text.tests.nl_fr" unpack="false" version="3.5.0.v20090620043401" download-size="1406" install-size="1406" />
	<plugin fragment="true" id="org.eclipse.jsch.core.nl_fr" unpack="false" version="3.5.0.v20090620043401" download-size="2522" install-size="2522" />
	<plugin fragment="true" id="org.eclipse.jsch.ui.nl_fr" unpack="false" version="3.5.0.v20090620043401" download-size="3996" install-size="3996" />
	<plugin fragment="true" id="org.eclipse.ltk.core.refactoring.nl_fr" unpack="false" version="3.5.0.v20090620043401" download-size="5816" install-size="5816" />
	<plugin fragment="true" id="org.eclipse.ltk.core.refactoring.tests.nl_fr" unpack="false" version="3.5.0.v20090620043401" download-size="1459" install-size="1459" />
	<plugin fragment="true" id="org.eclipse.ltk.ui.refactoring.nl_fr" unpack="false" version="3.5.0.v20090620043401" download-size="8568" install-size="8568" />
	<plugin fragment="true" id="org.eclipse.ltk.ui.refactoring.tests.nl_fr" unpack="false" version="3.5.0.v20090620043401" download-size="1425" install-size="1425" />
	<plugin fragment="true" id="org.eclipse.osgi.nl_fr" unpack="false" version="3.5.0.v20090620043401" download-size="13839" install-size="13839" />
	<plugin fragment="true" id="org.eclipse.osgi.services.nl_fr" unpack="false" version="3.5.0.v20090620043401" download-size="1546" install-size="1546" />
	<plugin fragment="true" id="org.eclipse.osgi.util.nl_fr" unpack="false" version="3.5.0.v20090620043401" download-size="1545" install-size="1545" />
	<plugin fragment="true" id="org.eclipse.pde.api.tools.nl_fr" unpack="false" version="3.5.0.v20090620043401" download-size="11902" install-size="11902" />
	<plugin fragment="true" id="org.eclipse.pde.api.tools.ui.nl_fr" unpack="false" version="3.5.0.v20090620043401" download-size="10219" install-size="10219" />
	<plugin fragment="true" id="org.eclipse.pde.build.nl_fr" unpack="false" version="3.5.0.v20090620043401" download-size="5958" install-size="5958" />
	<plugin fragment="true" id="org.eclipse.pde.build.tests.nl_fr" unpack="false" version="3.5.0.v20090620043401" download-size="1390" install-size="1390" />
	<plugin fragment="true" id="org.eclipse.pde.core.nl_fr" unpack="false" version="3.5.0.v20090620043401" download-size="9626" install-size="9626" />
	<plugin fragment="true" id="org.eclipse.pde.doc.user.nl_fr" unpack="false" version="3.5.0.v20090620043401" download-size="1765" install-size="1765" />
	<plugin fragment="true" id="org.eclipse.pde.ds.core.nl_fr" unpack="false" version="3.5.0.v20090620043401" download-size="2368" install-size="2368" />
	<plugin fragment="true" id="org.eclipse.pde.ds.tests.nl_fr" unpack="false" version="3.5.0.v20090620043401" download-size="1370" install-size="1370" />
	<plugin fragment="true" id="org.eclipse.pde.ds.ui.nl_fr" unpack="false" version="3.5.0.v20090620043401" download-size="2885" install-size="2885" />
	<plugin fragment="true" id="org.eclipse.pde.junit.runtime.nl_fr" unpack="false" version="3.5.0.v20090620043401" download-size="1401" install-size="1401" />
	<plugin fragment="true" id="org.eclipse.pde.nl_fr" unpack="false" version="3.5.0.v20090620043401" download-size="2796" install-size="2796" />
	<plugin fragment="true" id="org.eclipse.pde.runtime.nl_fr" unpack="false" version="3.5.0.v20090620043401" download-size="3414" install-size="3414" />
	<plugin fragment="true" id="org.eclipse.pde.tools.versioning.nl_fr" unpack="false" version="3.5.0.v20090620043401" download-size="4897" install-size="4897" />
	<plugin fragment="true" id="org.eclipse.pde.ua.core.nl_fr" unpack="false" version="3.5.0.v20090620043401" download-size="1457" install-size="1457" />
	<plugin fragment="true" id="org.eclipse.pde.ua.ui.nl_fr" unpack="false" version="3.5.0.v20090620043401" download-size="15667" install-size="15667" />
	<plugin fragment="true" id="org.eclipse.pde.ui.nl_fr" unpack="false" version="3.5.0.v20090620043401" download-size="43055" install-size="43055" />
	<plugin fragment="true" id="org.eclipse.pde.ui.templates.nl_fr" unpack="false" version="3.5.0.v20090620043401" download-size="9444" install-size="9444" />
	<plugin fragment="true" id="org.eclipse.platform.doc.isv.nl_fr" unpack="false" version="3.5.0.v20090620043401" download-size="1424" install-size="1424" />
	<plugin fragment="true" id="org.eclipse.platform.doc.user.nl_fr" unpack="false" version="3.5.0.v20090620043401" download-size="1415" install-size="1415" />
	<plugin fragment="true" id="org.eclipse.platform.nl_fr" unpack="false" version="3.5.0.v20090620043401" download-size="3140" install-size="3140" />
	<plugin fragment="true" id="org.eclipse.rcp.nl_fr" unpack="false" version="3.5.0.v20090620043401" download-size="1707" install-size="1707" />
	<plugin fragment="true" id="org.eclipse.releng.tools.nl_fr" unpack="false" version="3.5.0.v20090620043401" download-size="4068" install-size="4068" />
	<plugin fragment="true" id="org.eclipse.sdk.examples.nl_fr" unpack="false" version="3.5.0.v20090620043401" download-size="1733" install-size="1733" />
	<plugin fragment="true" id="org.eclipse.sdk.nl_fr" unpack="false" version="3.5.0.v20090620043401" download-size="2715" install-size="2715" />
	<plugin fragment="true" id="org.eclipse.sdk.tests.nl_fr" unpack="false" version="3.5.0.v20090620043401" download-size="1723" install-size="1723" />
	<plugin fragment="true" id="org.eclipse.search.nl_fr" unpack="false" version="3.5.0.v20090620043401" download-size="8692" install-size="8692" />
	<plugin fragment="true" id="org.eclipse.search.tests.nl_fr" unpack="false" version="3.5.0.v20090620043401" download-size="1370" install-size="1370" />
	<plugin fragment="true" id="org.eclipse.swt.examples.browser.demos.nl_fr" unpack="false" version="3.5.0.v20090620043401" download-size="2104" install-size="2104" />
	<plugin fragment="true" id="org.eclipse.swt.examples.browser.nl_fr" unpack="false" version="3.5.0.v20090620043401" download-size="2083" install-size="2083" />
	<plugin fragment="true" id="org.eclipse.swt.examples.controls.nl_fr" unpack="false" version="3.5.0.v20090620043401" download-size="2085" install-size="2085" />
	<plugin fragment="true" id="org.eclipse.swt.examples.launcher.nl_fr" unpack="false" version="3.5.0.v20090620043401" download-size="2435" install-size="2435" />
	<plugin fragment="true" id="org.eclipse.swt.examples.layouts.nl_fr" unpack="false" version="3.5.0.v20090620043401" download-size="2120" install-size="2120" />
	<plugin fragment="true" id="org.eclipse.swt.examples.nl_fr" unpack="false" version="3.5.0.v20090620043401" download-size="18686" install-size="18686" />
	<plugin fragment="true" id="org.eclipse.swt.examples.ole.win32.nl_fr" unpack="false" version="3.5.0.v20090620043401" download-size="2567" install-size="2567" />
	<plugin fragment="true" id="org.eclipse.swt.examples.paint.nl_fr" unpack="false" version="3.5.0.v20090620043401" download-size="2269" install-size="2269" />
	<plugin fragment="true" id="org.eclipse.swt.nl_fr" unpack="false" version="3.5.0.v20090620043401" download-size="2910" install-size="2910" />
	<plugin fragment="true" id="org.eclipse.swt.tests.nl_fr" unpack="false" version="3.5.0.v20090620043401" download-size="1378" install-size="1378" />
	<plugin fragment="true" id="org.eclipse.swt.tools.nl_fr" unpack="false" version="3.5.0.v20090620043401" download-size="1383" install-size="1383" />
	<plugin fragment="true" id="org.eclipse.team.core.nl_fr" unpack="false" version="3.5.0.v20090620043401" download-size="4529" install-size="4529" />
	<plugin fragment="true" id="org.eclipse.team.cvs.core.nl_fr" unpack="false" version="3.5.0.v20090620043401" download-size="8472" install-size="8472" />
	<plugin fragment="true" id="org.eclipse.team.cvs.ssh.nl_fr" unpack="false" version="3.5.0.v20090620043401" download-size="3177" install-size="3177" />
	<plugin fragment="true" id="org.eclipse.team.cvs.ssh2.nl_fr" unpack="false" version="3.5.0.v20090620043401" download-size="3622" install-size="3622" />
	<plugin fragment="true" id="org.eclipse.team.cvs.ui.nl_fr" unpack="false" version="3.5.0.v20090620043401" download-size="27958" install-size="27958" />
	<plugin fragment="true" id="org.eclipse.team.examples.filesystem.nl_fr" unpack="false" version="3.5.0.v20090620043401" download-size="3273" install-size="3273" />
	<plugin fragment="true" id="org.eclipse.team.tests.cvs.core.nl_fr" unpack="false" version="3.5.0.v20090620043401" download-size="1436" install-size="1436" />
	<plugin fragment="true" id="org.eclipse.team.ui.nl_fr" unpack="false" version="3.5.0.v20090620043401" download-size="13694" install-size="13694" />
	<plugin fragment="true" id="org.eclipse.text.nl_fr" unpack="false" version="3.5.0.v20090620043401" download-size="4307" install-size="4307" />
	<plugin fragment="true" id="org.eclipse.text.tests.nl_fr" unpack="false" version="3.5.0.v20090620043401" download-size="1397" install-size="1397" />
	<plugin fragment="true" id="org.eclipse.ui.browser.nl_fr" unpack="false" version="3.5.0.v20090620043401" download-size="3717" install-size="3717" />
	<plugin fragment="true" id="org.eclipse.ui.cheatsheets.nl_fr" unpack="false" version="3.5.0.v20090620043401" download-size="5982" install-size="5982" />
	<plugin fragment="true" id="org.eclipse.ui.console.nl_fr" unpack="false" version="3.5.0.v20090620043401" download-size="3458" install-size="3458" />
	<plugin fragment="true" id="org.eclipse.ui.editors.nl_fr" unpack="false" version="3.5.0.v20090620043401" download-size="13808" install-size="13808" />
	<plugin fragment="true" id="org.eclipse.ui.editors.tests.nl_fr" unpack="false" version="3.5.0.v20090620043401" download-size="1408" install-size="1408" />
	<plugin fragment="true" id="org.eclipse.ui.examples.contributions.nl_fr" unpack="false" version="3.5.0.v20090620043401" download-size="3321" install-size="3321" />
	<plugin fragment="true" id="org.eclipse.ui.examples.fieldassist.nl_fr" unpack="false" version="3.5.0.v20090620043401" download-size="3743" install-size="3743" />
	<plugin fragment="true" id="org.eclipse.ui.examples.javaeditor.nl_fr" unpack="false" version="3.5.0.v20090620043401" download-size="3830" install-size="3830" />
	<plugin fragment="true" id="org.eclipse.ui.examples.multipageeditor.nl_fr" unpack="false" version="3.5.0.v20090620043401" download-size="2454" install-size="2454" />
	<plugin fragment="true" id="org.eclipse.ui.examples.propertysheet.nl_fr" unpack="false" version="3.5.0.v20090620043401" download-size="3331" install-size="3331" />
	<plugin fragment="true" id="org.eclipse.ui.examples.readmetool.nl_fr" unpack="false" version="3.5.0.v20090620043401" download-size="4482" install-size="4482" />
	<plugin fragment="true" id="org.eclipse.ui.examples.undo.nl_fr" unpack="false" version="3.5.0.v20090620043401" download-size="2881" install-size="2881" />
	<plugin fragment="true" id="org.eclipse.ui.examples.views.properties.tabbed.article.nl_fr" unpack="false" version="3.5.0.v20090620043401" download-size="1525" install-size="1525" />
	<plugin fragment="true" id="org.eclipse.ui.externaltools.nl_fr" unpack="false" version="3.5.0.v20090620043401" download-size="9265" install-size="9265" />
	<plugin fragment="true" id="org.eclipse.ui.forms.nl_fr" unpack="false" version="3.5.0.v20090620043401" download-size="2422" install-size="2422" />
	<plugin fragment="true" id="org.eclipse.ui.ide.application.nl_fr" unpack="false" version="3.5.0.v20090620043401" download-size="1651" install-size="1651" />
	<plugin fragment="true" id="org.eclipse.ui.ide.nl_fr" unpack="false" version="3.5.0.v20090620043401" download-size="33161" install-size="33161" />
	<plugin fragment="true" id="org.eclipse.ui.intro.nl_fr" unpack="false" version="3.5.0.v20090620043401" download-size="3795" install-size="3795" />
	<plugin fragment="true" id="org.eclipse.ui.intro.universal.nl_fr" unpack="false" version="3.5.0.v20090620043401" download-size="6099" install-size="6099" />
	<plugin fragment="true" id="org.eclipse.ui.navigator.nl_fr" unpack="false" version="3.5.0.v20090620043401" download-size="3986" install-size="3986" />
	<plugin fragment="true" id="org.eclipse.ui.navigator.resources.nl_fr" unpack="false" version="3.5.0.v20090620043401" download-size="3571" install-size="3571" />
	<plugin fragment="true" id="org.eclipse.ui.net.nl_fr" unpack="false" version="3.5.0.v20090620043401" download-size="2644" install-size="2644" />
	<plugin fragment="true" id="org.eclipse.ui.nl_fr" unpack="false" version="3.5.0.v20090620043401" download-size="5781" install-size="5781" />
	<plugin fragment="true" id="org.eclipse.ui.presentations.r21.nl_fr" unpack="false" version="3.5.0.v20090620043401" download-size="2546" install-size="2546" />
	<plugin fragment="true" id="org.eclipse.ui.tests.navigator.nl_fr" unpack="false" version="3.5.0.v20090620043401" download-size="1467" install-size="1467" />
	<plugin fragment="true" id="org.eclipse.ui.tests.views.properties.tabbed.nl_fr" unpack="false" version="3.5.0.v20090620043401" download-size="1538" install-size="1538" />
	<plugin fragment="true" id="org.eclipse.ui.views.log.nl_fr" unpack="false" version="3.5.0.v20090620043401" download-size="3768" install-size="3768" />
	<plugin fragment="true" id="org.eclipse.ui.views.nl_fr" unpack="false" version="3.5.0.v20090620043401" download-size="3229" install-size="3229" />
	<plugin fragment="true" id="org.eclipse.ui.views.properties.tabbed.nl_fr" unpack="false" version="3.5.0.v20090620043401" download-size="3155" install-size="3155" />
	<plugin fragment="true" id="org.eclipse.ui.workbench.nl_fr" unpack="false" version="3.5.0.v20090620043401" download-size="28961" install-size="28961" />
	<plugin fragment="true" id="org.eclipse.ui.workbench.texteditor.nl_fr" unpack="false" version="3.5.0.v20090620043401" download-size="13693" install-size="13693" />
	<plugin fragment="true" id="org.eclipse.ui.workbench.texteditor.tests.nl_fr" unpack="false" version="3.5.0.v20090620043401" download-size="1430" install-size="1430" />
	<plugin fragment="true" id="org.eclipse.update.configurator.nl_fr" unpack="false" version="3.5.0.v20090620043401" download-size="3466" install-size="3466" />
	<plugin fragment="true" id="org.eclipse.update.core.nl_fr" unpack="false" version="3.5.0.v20090620043401" download-size="8729" install-size="8729" />
	<plugin fragment="true" id="org.eclipse.update.scheduler.nl_fr" unpack="false" version="3.5.0.v20090620043401" download-size="2914" install-size="2914" />
	<plugin fragment="true" id="org.eclipse.update.tests.core.nl_fr" unpack="false" version="3.5.0.v20090620043401" download-size="2513" install-size="2513" />
	<plugin fragment="true" id="org.eclipse.update.ui.nl_fr" unpack="false" version="3.5.0.v20090620043401" download-size="9424" install-size="9424" />
	<plugin fragment="true" id="org.junit4.nl_fr" unpack="false" version="3.5.0.v20090620043401" download-size="1393" install-size="1393" />
	<plugin fragment="true" id="security.a.frag.a.nl_fr" unpack="false" version="3.5.0.v20090620043401" download-size="1394" install-size="1394" />
	<plugin fragment="true" id="security.a.nl_fr" unpack="false" version="3.5.0.v20090620043401" download-size="1372" install-size="1372" />
</feature>